{
  "physionet_baseline": {
    "accuracy": 0.61,
    "sensitivity": 0.72,
    "specificity": 0.51,
    "f1": 0.64
  },
  "multicond_csp_lda": {
    "accuracy": 0.5786578657865786,
    "sensitivity": 0.04591836734693878,
    "specificity": 0.9825918762088974,
    "f1": 0.08591885441527446
  },
  "improvement": {
    "accuracy_delta": -0.03134213421342136,
    "specificity_delta": 0.4725918762088974
  }
}