{
  "cv_results": {
    "fold_accuracies": [
      0.5804347826086956,
      0.576837416481069
    ],
    "mean_accuracy": 0.5786360995448823,
    "std_accuracy": 0.0017986830638133111,
    "aggregate_accuracy": 0.5786578657865786,
    "aggregate_sensitivity": 0.04591836734693878,
    "aggregate_specificity": 0.9825918762088974,
    "aggregate_f1": 0.08591885441527446
  }
}